{
  "Component-dbg.js": 1599551563000,
  "controller/View1.controller.js": 1599551563000,
  "model/models.js": 1599551563000,
  "manifest.json": 1599733660624,
  "Component.js": 1599551563000,
  "manifest-bundle.zip": 1599733660439,
  "Component-preload.js": 1599733660604,
  "model/models-dbg.js": 1599551563000,
  "controller/View1-dbg.controller.js": 1599551563000,
  "i18n/i18n.properties": 1599551563000,
  "resources.json": 1599733660626,
  "view/View1.view.xml": 1599551563000,
  "css/style.css": 1599551563000,
  "index.html": 1599551563000
}